customer_id,first_name,last_name,email,purchase_number,purchase_date
1,Kory,Bonifant,kbonifant0@biblegateway.com,1100271910,7/29/2021 17:42
2,Victor,Linneman,vlinneman1@mozilla.org,6578338284,7/13/2022 5:30
3,Greta,Tort,gtort2@fema.gov,1152647539,6/15/2022 23:07
4,Lexy,Pond-Jones,lpondjones3@pbs.org,2532081449,9/25/2021 5:43
5,Saul,Chasteney,schasteney4@google.fr,4185814631,11/22/2021 22:59
6,Imogen,Cawson,icawson5@ezinearticles.com,2886190063,1/13/2022 21:28
7,Gray,Quinion,gquinion6@infoseek.co.jp,5800622787,5/19/2022 7:38
8,Collete,Lown,clown7@pbs.org,9574234436,9/23/2021 16:59
9,Agustin,Wakeling,awakeling8@msu.edu,6369975184,9/4/2021 23:38
10,Nerta,Clarkin,nclarkin9@icq.com,2115933052,8/26/2021 19:09
11,Gladi,Taphouse,gtaphousea@blog.com,566760843,11/19/2021 0:05
12,Gibby,Borland,gborlandb@theatlantic.com,9172482370,4/5/2021 6:35
13,Brodie,Overlow,boverlowc@shutterfly.com,8133367654,7/4/2022 5:16
14,Miran,Stallebrass,mstallebrassd@gov.uk,448238160,10/20/2021 1:23
15,Maurice,Triggol,mtriggole@squidoo.com,2671250223,6/3/2022 0:14
16,Tadeo,Barnewelle,tbarnewellef@spiegel.de,8418543876,10/12/2021 19:09
17,Esmaria,Readshaw,ereadshawg@oracle.com,7479735553,1/19/2022 9:41
18,Katya,Briggdale,kbriggdaleh@baidu.com,9729844860,11/16/2021 4:23
19,Jess,O'Currane,jocurranei@telegraph.co.uk,7731117480,2/18/2022 21:41
20,Teresa,Lasham,tlashamj@ifeng.com,4860149939,4/25/2021 22:23
21,Devin,David,ddavidk@usatoday.com,3409582983,7/15/2022 4:34
22,Emmott,Emanueli,eemanuelil@fastcompany.com,842263438,10/24/2021 15:13
23,Becky,Miall,bmiallm@opera.com,3578822183,10/12/2021 15:37
24,Isidoro,Fitzsimons,ifitzsimonsn@moonfruit.com,1026203031,5/28/2021 17:02
25,Sonni,Orleton,sorletono@hp.com,1407365827,10/31/2021 17:56
26,Ranice,Haney`,rhaneyp@hao123.com,2056049082,3/21/2021 9:16
27,Murdoch,Okker,mokkerq@cbsnews.com,2938067186,8/30/2021 15:11
28,Hortensia,Pullan,hpullanr@uiuc.edu,2631540921,2/26/2022 20:06
29,Claresta,Camm,ccamms@ted.com,6265862146,5/6/2022 13:35
30,Blake,Duthie,bduthiet@answers.com,9036209943,4/17/2022 18:33
31,Sharleen,Faire,sfaireu@google.co.uk,2361373831,3/10/2021 16:06
32,Dorene,Joyes,djoyesv@gmpg.org,8714692198,3/11/2021 9:47
33,Willard,Kauble,wkaublew@google.it,3944996267,1/31/2021 17:34
34,Costanza,Fozzard,cfozzardx@csmonitor.com,1944432191,9/12/2021 6:31
35,Sharyl,de Werk,sdewerky@fda.gov,9661792313,7/19/2022 0:08
36,Natty,Baum,nbaumz@dell.com,1359939369,10/20/2021 9:36
37,Maude,Barson,mbarson10@plala.or.jp,4236107147,2/14/2021 3:46
38,Ariel,Varran,avarran11@simplemachines.org,9288127542,6/25/2021 15:54
39,Zabrina,Copozio,zcopozio12@rediff.com,8884441765,10/25/2021 18:33
40,Ariel,Norquoy,anorquoy13@illinois.edu,8866704857,8/1/2021 17:52
41,Lorenzo,Lardeur,llardeur14@webmd.com,609405233,4/27/2022 15:44
42,Datha,Barlass,dbarlass15@pen.io,8349959215,1/3/2021 0:25
43,Johnette,Blondell,jblondell16@army.mil,5927732348,9/10/2021 17:54
44,Gertrude,Whetson,gwhetson17@tinyurl.com,7747472269,4/17/2022 1:22
45,Eldredge,Hallagan,ehallagan18@slashdot.org,2970827360,2/17/2022 2:34
46,Langsdon,Ottiwill,lottiwill19@squidoo.com,1342515226,4/15/2022 17:56
47,Clea,Bambury,cbambury1a@linkedin.com,604807031,5/4/2022 2:43
48,Raina,Campos,rcampos1b@cpanel.net,6655412528,1/1/2021 4:50
49,Klara,Lapides,klapides1c@tripod.com,7873473570,9/24/2021 0:27
50,Georgy,Everitt,geveritt1d@moonfruit.com,8665299513,5/5/2021 6:01
51,Penny,Donlon,pdonlon1e@jimdo.com,9830844021,11/27/2021 3:21
52,Silvia,Docket,sdocket1f@addtoany.com,5436719732,3/4/2022 19:28
53,Caldwell,Cade,ccade1g@smh.com.au,647186608,1/13/2022 21:27
54,Cassius,Giraudou,cgiraudou1h@army.mil,8792493289,8/29/2021 2:21
55,Elmer,Dixcey,edixcey1i@fc2.com,9985605616,7/28/2021 5:00
56,Conni,Tonge,ctonge1j@nationalgeographic.com,6479934881,5/26/2022 19:07
57,Rosaleen,Piens,rpiens1k@seattletimes.com,4932096542,10/31/2021 0:07
58,Redd,Keenor,rkeenor1l@csmonitor.com,1089302258,5/1/2022 6:38
59,Emmet,Jevon,ejevon1m@cmu.edu,3483406697,3/17/2022 5:18
60,Zarla,Stook,zstook1n@yellowbook.com,5422304411,8/5/2021 3:52
61,Josi,Broe,jbroe1o@alibaba.com,1244444650,5/13/2021 9:24
62,Rafaellle,Mumberson,rmumberson1p@mayoclinic.com,8511278346,3/31/2021 2:00
63,Konstance,Oger,koger1q@yahoo.co.jp,1049509382,10/21/2021 17:07
64,Tabina,Collens,tcollens1r@si.edu,8132237307,2/18/2021 2:09
65,Isabelita,Grassot,igrassot1s@bluehost.com,6049821313,7/11/2021 18:07
66,Gisele,Bockin,gbockin1t@toplist.cz,2343719462,3/5/2022 18:43
67,Sarene,Feldklein,sfeldklein1u@dailymotion.com,6971237544,7/13/2022 5:53
68,Margareta,Seabert,mseabert1v@squarespace.com,5332538340,7/9/2022 10:16
69,Addie,Langelay,alangelay1w@cafepress.com,8477416966,5/7/2021 4:38
70,Sim,Rottenbury,srottenbury1x@nature.com,3592063871,11/9/2021 5:51
71,Claire,Grisley,cgrisley1y@sciencedirect.com,4964714667,12/22/2021 2:15
72,Theresa,Baudouin,tbaudouin1z@blogger.com,99988364,4/23/2021 8:18
73,Ewell,MacAdam,emacadam20@mac.com,1998868192,7/6/2021 0:09
74,Panchito,Hehnke,phehnke21@1688.com,8315502719,11/2/2021 11:19
75,Urson,Jimes,ujimes22@skyrock.com,2817771583,3/11/2021 3:21
76,Zaneta,Bandy,zbandy23@dmoz.org,7271454705,1/16/2022 14:22
77,Waverley,Suthren,wsuthren24@loc.gov,7992368657,1/16/2022 3:09
78,Sloan,Grane,sgrane25@nymag.com,9819126657,4/1/2021 8:10
79,Cameron,Naptin,cnaptin26@hostgator.com,3941514903,5/30/2022 15:02
80,Zitella,Mordue,zmordue27@newyorker.com,1776774876,7/17/2021 6:45
81,Garner,Marritt,gmarritt28@princeton.edu,6056543099,2/11/2022 18:21
82,Fonz,Croci,fcroci29@printfriendly.com,8262542754,6/18/2021 12:21
83,Theobald,Mouatt,tmouatt2a@taobao.com,2018712918,5/29/2022 23:32
84,Quill,Laming,qlaming2b@cargocollective.com,2388536804,7/28/2021 6:54
85,Khalil,Halleday,khalleday2c@lulu.com,6367804358,2/21/2021 17:50
86,Hill,Byrd,hbyrd2d@un.org,6703541949,4/11/2021 0:48
87,Bendix,Carluccio,bcarluccio2e@canalblog.com,1605137553,9/27/2021 21:25
88,Connie,Geffcock,cgeffcock2f@fema.gov,235590851,9/24/2021 9:25
89,Miltie,Lahrs,mlahrs2g@about.me,3613354519,5/30/2021 1:24
90,Celinda,Wimpeney,cwimpeney2h@last.fm,4136696671,6/4/2022 7:19
91,Bartolemo,Filippo,bfilippo2i@yandex.ru,9835674272,10/2/2021 19:46
92,Thia,Bankhurst,tbankhurst2j@redcross.org,840026293,4/10/2022 18:23
93,Denni,McClaren,dmcclaren2k@godaddy.com,8871781481,5/21/2022 9:52
94,Yalonda,Harwood,yharwood2l@bloglines.com,4976458911,12/25/2021 10:04
95,Tobias,Marchelli,tmarchelli2m@jigsy.com,7609660264,11/29/2021 20:34
96,Jasmine,Zanutti,jzanutti2n@statcounter.com,7494153349,4/26/2021 0:05
97,Tonnie,Levay,tlevay2o@sogou.com,6725507808,4/13/2021 4:03
98,Steven,Gourdon,sgourdon2p@naver.com,193966883,3/21/2021 20:33
99,Aaren,Jallin,ajallin2q@netlog.com,2828130908,9/15/2021 11:03
100,Margaretha,Liebrecht,mliebrecht2r@uol.com.br,1011445557,5/2/2021 15:32
101,Gannie,Klishin,gklishin2s@google.ca,8934436972,6/22/2021 12:27
102,Joanne,Sowley,jsowley2t@businesswire.com,2475588349,7/5/2021 1:27
103,Byram,Millions,bmillions2u@washington.edu,2576248748,4/26/2022 3:42
104,Antonino,McRobb,amcrobb2v@simplemachines.org,3704617083,6/17/2021 14:48
105,Giordano,Baldi,gbaldi2w@google.ru,7397894542,2/23/2022 7:46
106,Reggi,Fitch,rfitch2x@scientificamerican.com,6208289971,10/16/2021 23:35
107,Lenette,Venes,lvenes2y@stanford.edu,3368094114,6/8/2021 16:32
108,Guido,Colmer,gcolmer2z@usa.gov,492355886,2/8/2021 23:39
109,Darcy,Blesli,dblesli30@technorati.com,9217104248,8/10/2021 3:23
110,Olga,Ivoshin,oivoshin31@google.es,8316859734,4/18/2021 4:37
111,Uriah,Roeby,uroeby32@techcrunch.com,7602033299,7/25/2021 12:30
112,Gifford,Vigar,gvigar33@techcrunch.com,6581123064,6/27/2021 3:52
113,Benetta,Angeli,bangeli34@elegantthemes.com,8052816343,3/22/2022 14:33
114,Ursala,Chatain,uchatain35@tamu.edu,9266171115,11/13/2021 11:38
115,Nicolas,Prazer,nprazer36@livejournal.com,3759291880,7/1/2021 10:24
116,Claudelle,McKomb,cmckomb37@paypal.com,3112476158,9/10/2021 7:11
117,Obie,Chadwen,ochadwen38@webmd.com,3940337056,7/6/2021 22:00
118,Cally,Utting,cutting39@ucsd.edu,4681272698,4/2/2022 3:22
119,Annalee,Cosslett,acosslett3a@google.ca,3340623007,6/18/2021 21:58
120,Kaleena,Margrie,kmargrie3b@smh.com.au,2647802262,11/17/2021 23:21
121,Judy,Wellstood,jwellstood3c@fotki.com,6860056657,2/5/2022 17:58
122,Libby,Corr,lcorr3d@sfgate.com,6304513720,7/22/2021 13:17
123,Tory,Fripp,tfripp3e@weebly.com,3093909317,8/22/2021 3:46
124,Phaedra,Dineges,pdineges3f@macromedia.com,6209206131,8/21/2021 2:42
125,Van,Capenor,vcapenor3g@dyndns.org,1040567401,10/23/2021 15:48
126,Nonnah,Rollings,nrollings3h@ihg.com,3669116664,1/25/2022 13:54
127,Bartholomeo,Littlejohns,blittlejohns3i@squarespace.com,6721254050,12/29/2021 22:33
128,Carmelina,Gillingwater,cgillingwater3j@msn.com,9660301065,12/6/2021 9:33
129,Frasier,Beat,fbeat3k@ihg.com,1180737733,2/8/2021 23:51
130,Arlen,Andrzej,aandrzej3l@nyu.edu,4294838027,8/19/2021 8:22
131,Ronda,O'Hagan,rohagan3m@disqus.com,7871615904,3/16/2021 0:29
132,Loy,Trude,ltrude3n@state.tx.us,7592478803,1/4/2021 11:29
133,Bertine,Pedersen,bpedersen3o@photobucket.com,3227942372,10/19/2021 19:37
134,Tobye,Merriton,tmerriton3p@cdc.gov,6819522134,2/9/2021 11:37
135,Sherwood,Pott,spott3q@booking.com,8596474625,9/11/2021 23:09
136,Ebeneser,Lockie,elockie3r@theglobeandmail.com,8141624318,6/4/2022 7:58
137,Rolfe,Drews,rdrews3s@buzzfeed.com,3251528912,3/18/2022 20:08
138,Temp,Bradane,tbradane3t@nhs.uk,3065251566,1/24/2021 1:08
139,Knox,Dummigan,kdummigan3u@is.gd,4471756931,12/28/2021 22:18
140,Page,Freeborn,pfreeborn3v@phoca.cz,8754478634,6/8/2022 13:06
141,Dael,Rubenovic,drubenovic3w@ask.com,1797248812,10/21/2021 0:33
142,Lavina,Chastel,lchastel3x@hp.com,7231276423,9/23/2021 20:18
143,Zena,Rozet,zrozet3y@pinterest.com,1231549238,4/20/2021 4:28
144,Douglas,Buckerfield,dbuckerfield3z@forbes.com,113834691,3/8/2021 7:34
145,Kellie,Aldrich,kaldrich40@cloudflare.com,2130551947,3/9/2021 0:39
146,Spenser,Gonzalvo,sgonzalvo41@seesaa.net,5061025172,4/27/2022 1:54
147,Korrie,Tuerena,ktuerena42@123-reg.co.uk,776540114,10/28/2021 16:06
148,Sheffy,Braywood,sbraywood43@amazon.co.uk,4906141145,12/10/2021 17:01
149,Merl,Sodor,msodor44@epa.gov,9110829148,7/9/2022 2:00
150,Broderic,Wooster,bwooster45@arizona.edu,5372378778,10/2/2021 23:53
151,Darb,Blowing,dblowing46@xrea.com,916217884,11/27/2021 0:55
152,Caresa,Congdon,ccongdon47@prnewswire.com,9427156155,5/22/2022 18:12
153,Leonelle,Snelman,lsnelman48@ebay.com,24781908,7/22/2022 22:07
154,Melosa,Christophle,mchristophle49@smh.com.au,5952090370,1/11/2022 23:18
155,Gnni,Guittet,gguittet4a@blogtalkradio.com,3201803596,2/9/2021 12:34
156,Burtie,Ochterlony,bochterlony4b@ycombinator.com,8729908647,9/7/2021 16:47
157,Meier,Rogerot,mrogerot4c@ihg.com,2060386098,2/10/2022 18:05
158,Jana,Tarbatt,jtarbatt4d@angelfire.com,4244149511,3/13/2022 7:00
159,Carol-jean,Annesley,cannesley4e@reverbnation.com,2237812047,2/16/2021 0:04
160,Gerome,Guerrin,gguerrin4f@elpais.com,800913108,7/1/2021 8:57
161,Jeffry,McVeigh,jmcveigh4g@tmall.com,4856682555,5/31/2021 14:23
162,Feodor,Kupker,fkupker4h@adobe.com,2023688922,3/29/2022 22:01
163,Niki,Prudence,nprudence4i@angelfire.com,1311897860,3/28/2021 13:10
164,Ingunna,Tonna,itonna4j@plala.or.jp,3832569960,10/26/2021 21:43
165,Una,Clifton,uclifton4k@fema.gov,93737564,9/28/2021 8:56
166,Mirabelle,Mines,mmines4l@desdev.cn,8086156508,6/20/2021 20:08
167,Dacy,Woollam,dwoollam4m@flavors.me,6714087160,8/31/2021 3:08
168,Shanna,Pitcock,spitcock4n@nifty.com,2204200778,2/9/2022 22:04
169,Noelle,Stenyng,nstenyng4o@smugmug.com,7777780824,3/29/2022 7:26
170,Debora,Paszak,dpaszak4p@aboutads.info,6041279390,6/26/2021 3:05
171,Rosaleen,Rawlcliffe,rrawlcliffe4q@gizmodo.com,9822113846,6/6/2021 14:16
172,Rubin,McGilben,rmcgilben4r@wikipedia.org,4607204846,10/28/2021 9:37
173,Sella,Sharrocks,ssharrocks4s@ovh.net,441224431,10/9/2021 20:18
174,Elnore,Burner,eburner4t@dell.com,4128093424,7/8/2022 13:40
175,Natalya,Anthonies,nanthonies4u@behance.net,8299611814,12/6/2021 16:51
176,Jaymee,Sidden,jsidden4v@wisc.edu,8844301407,10/16/2021 13:53
177,Fayina,Gravet,fgravet4w@smugmug.com,2124575430,7/6/2021 4:15
178,Bernarr,Van der Velde,bvandervelde4x@photobucket.com,1257995677,5/24/2022 11:26
179,Alyce,Boutcher,aboutcher4y@noaa.gov,9020048635,3/24/2022 15:44
180,Lorelei,Dory,ldory4z@wikimedia.org,9598721345,5/7/2022 1:06
181,Emma,Offord,eofford50@patch.com,2649940409,8/8/2021 12:44
182,Tabor,Firminger,tfirminger51@auda.org.au,9621973805,4/6/2022 13:41
183,Jannel,Bangiard,jbangiard52@t-online.de,9613359451,6/23/2022 18:21
184,Patsy,Matovic,pmatovic53@github.io,8737350951,9/27/2021 10:20
185,Cull,Cornick,ccornick54@github.io,2624986316,3/30/2021 0:39
186,Meggi,Rowan,mrowan55@sogou.com,8250552776,7/19/2022 20:26
187,Colas,Devigne,cdevigne56@kickstarter.com,2318216681,11/7/2021 18:00
188,Velvet,Nurden,vnurden57@naver.com,2601487518,11/30/2021 7:05
189,Fransisco,Cudd,fcudd58@google.fr,1992668124,6/5/2022 17:29
190,Antonin,Miskin,amiskin59@upenn.edu,8090985769,3/12/2021 0:17
191,Dasie,Peters,dpeters5a@scribd.com,4796382275,2/28/2021 18:33
192,Ethelred,Caldroni,ecaldroni5b@vkontakte.ru,9210528867,5/7/2022 3:37
193,Putnem,Aulton,paulton5c@ted.com,775536180,6/3/2022 22:16
194,Justen,Spykings,jspykings5d@paginegialle.it,4564872303,7/28/2021 20:39
195,Melitta,Berthouloume,mberthouloume5e@typepad.com,5473506070,4/6/2022 22:58
196,Barris,Bearcock,bbearcock5f@engadget.com,4831396346,7/11/2021 10:14
197,Niel,Ogglebie,nogglebie5g@merriam-webster.com,4872701070,3/27/2022 20:07
198,Katuscha,Lathe,klathe5h@facebook.com,9075111029,9/29/2021 0:49
199,Brennen,Bennet,bbennet5i@flickr.com,3596099552,4/6/2021 5:35
200,Margret,Sherrin,msherrin5j@google.pl,2023866553,7/7/2021 3:28
201,Terza,Dillinton,tdillinton5k@wiley.com,1227138075,9/30/2021 1:58
202,Siana,Gooden,sgooden5l@wikia.com,8087385640,7/29/2021 3:03
203,Gibby,Greeno,ggreeno5m@woothemes.com,9237419031,7/12/2022 23:24
204,Flemming,Neljes,fneljes5n@businessweek.com,205781446,6/3/2022 14:49
205,Brockie,Woodcraft,bwoodcraft5o@utexas.edu,3776117583,5/29/2021 23:41
206,Hans,Ragdale,hragdale5p@nasa.gov,2308425911,4/26/2021 3:27
207,Chryste,Cookney,ccookney5q@uol.com.br,1629148547,3/11/2022 22:07
208,Ashly,Ealam,aealam5r@prweb.com,164907408,11/23/2021 19:28
209,Leopold,Dyne,ldyne5s@disqus.com,1092033335,3/17/2021 7:17
210,Pandora,Stockow,pstockow5t@sbwire.com,1388998750,3/27/2021 7:35
211,Dud,Ties,dties5u@flickr.com,7960697957,3/3/2021 2:00
212,Saundra,Caile,scaile5v@bizjournals.com,6312870901,2/16/2021 22:11
213,Silvester,Runchman,srunchman5w@ow.ly,4929062934,3/9/2021 19:50
214,Datha,Heinritz,dheinritz5x@google.pl,2555048537,2/23/2021 7:19
215,Davide,Topaz,dtopaz5y@boston.com,1416265627,9/26/2021 5:05
216,Gilburt,Aloshikin,galoshikin5z@mediafire.com,9903165978,6/21/2022 19:22
217,Albina,Rosenbloom,arosenbloom60@amazon.com,7644505695,4/27/2022 2:50
218,Davina,Surmeyer,dsurmeyer61@abc.net.au,3321000814,7/18/2021 14:17
219,Derk,Andreix,dandreix62@blogtalkradio.com,729470954,6/8/2021 18:25
220,Emlyn,Whyteman,ewhyteman63@ibm.com,5196040919,9/8/2021 7:01
221,Sherry,Kerrane,skerrane64@disqus.com,319037460,1/19/2022 18:32
222,Rhiamon,Enevoldsen,renevoldsen65@reuters.com,6596553205,10/23/2021 1:46
223,Lou,De Atta,ldeatta66@google.ru,2277907359,7/17/2021 5:24
224,Lalo,Curado,lcurado67@blinklist.com,5448560768,6/3/2021 9:57
225,Gwynne,Anglin,ganglin68@usda.gov,3849661571,1/24/2021 13:21
226,Burt,Grigoletti,bgrigoletti69@indiegogo.com,1166980413,8/15/2021 20:21
227,Joanna,De Mitri,jdemitri6a@theglobeandmail.com,9744900180,5/27/2021 1:47
228,Arvy,Hadwin,ahadwin6b@jugem.jp,8226265843,11/26/2021 0:59
229,Ephraim,Devenny,edevenny6c@wikia.com,2128721679,10/8/2021 6:46
230,Rogers,Marson,rmarson6d@mail.ru,9286651619,11/11/2021 9:31
231,Rickie,Klima,rklima6e@angelfire.com,3786289883,5/26/2022 15:51
232,Jobie,Banbrook,jbanbrook6f@mit.edu,2080086707,8/2/2021 6:12
233,Cheryl,Brace,cbrace6g@printfriendly.com,2953638318,2/19/2021 1:02
234,Luise,Wonter,lwonter6h@jimdo.com,6970195309,7/19/2022 19:30
235,Dur,Richardon,drichardon6i@oakley.com,8247996537,7/12/2021 0:35
236,Welch,Godspeede,wgodspeede6j@amazon.de,6819175817,3/2/2022 1:47
237,Friedrick,Marusic,fmarusic6k@statcounter.com,8452994672,12/23/2021 6:43
238,Galen,Spurriar,gspurriar6l@state.gov,9869223966,2/9/2021 1:43
239,Anatol,Killingback,akillingback6m@pbs.org,9373297392,6/2/2021 16:28
240,Mahmoud,Welford,mwelford6n@ted.com,3262774081,3/26/2021 16:55
241,Shirlee,Baxendale,sbaxendale6o@google.co.uk,2720255106,5/25/2022 13:41
242,Geordie,Beamand,gbeamand6p@craigslist.org,8845151484,3/8/2021 10:47
243,Lotty,Whalebelly,lwhalebelly6q@furl.net,723813175,11/22/2021 22:50
244,Fin,Serraillier,fserraillier6r@sbwire.com,8258961217,2/8/2022 18:42
245,Avrit,Mousdall,amousdall6s@naver.com,6552724071,3/12/2021 11:46
246,Lynelle,Krysztofowicz,lkrysztofowicz6t@flickr.com,9128005457,8/1/2021 4:25
247,Lindy,Lockery,llockery6u@shinystat.com,6719795090,2/18/2021 10:28
248,Rayner,Oldale,roldale6v@t-online.de,3076756494,7/17/2022 20:10
249,Randal,Yarwood,ryarwood6w@vk.com,6166602715,1/7/2021 4:45
250,Louis,Klemenz,lklemenz6x@intel.com,1731054688,3/20/2021 6:40
251,Lenette,Leake,lleake6y@photobucket.com,5094493264,5/21/2021 23:32
252,Joshia,Chilton,jchilton6z@barnesandnoble.com,5191666232,5/7/2021 8:23
253,Stanfield,Bidewel,sbidewel70@sina.com.cn,2940643458,10/21/2021 9:23
254,Moshe,Hinstridge,mhinstridge71@arizona.edu,7684218026,4/27/2021 13:49
255,Curt,Opie,copie72@fastcompany.com,9222567285,10/4/2021 18:34
256,Fletch,Baudin,fbaudin73@nih.gov,7035447512,6/30/2022 17:38
257,Gerek,MacKenny,gmackenny74@qq.com,9015060460,10/20/2021 9:27
258,Gisella,Cheves,gcheves75@mysql.com,1397109548,1/6/2021 14:02
259,Hillary,Edmondson,hedmondson76@google.com.br,7028915646,5/11/2022 16:51
260,Emilia,Pechold,epechold77@g.co,9612573530,11/20/2021 19:21
261,Bastian,Tonkin,btonkin78@soup.io,5852497711,6/10/2021 15:37
262,Northrup,Ransome,nransome79@fema.gov,9317277330,2/2/2022 9:38
263,Mac,Serrurier,mserrurier7a@nba.com,7514597174,8/13/2021 21:09
264,Gael,Chesley,gchesley7b@disqus.com,389112941,9/15/2021 8:55
265,Valera,Wickey,vwickey7c@printfriendly.com,7224959030,5/5/2021 4:17
266,Maudie,Aked,maked7d@ow.ly,5518668783,2/13/2021 15:55
267,Dennie,Bugdall,dbugdall7e@oracle.com,6359952599,1/9/2022 14:32
268,Briggs,Lackmann,blackmann7f@examiner.com,2511156059,8/28/2021 3:14
269,Calypso,Pischoff,cpischoff7g@surveymonkey.com,9197043060,3/2/2021 12:03
270,Charissa,Skittrell,cskittrell7h@weibo.com,3773720963,3/1/2022 12:57
271,Lisha,Harcourt,lharcourt7i@mayoclinic.com,1404309047,9/19/2021 7:53
272,Peggie,Bednell,pbednell7j@nih.gov,2885716916,4/29/2021 14:18
273,Killie,Pride,kpride7k@psu.edu,7889135025,5/26/2022 12:01
274,Genevra,Dolbey,gdolbey7l@blogspot.com,4096947695,3/21/2022 5:00
275,Thorstein,Bootton,tbootton7m@barnesandnoble.com,845972294,5/23/2022 3:13
276,Byran,Pennino,bpennino7n@themeforest.net,2218539349,7/20/2021 5:08
277,Tiff,Callear,tcallear7o@dailymail.co.uk,7666229275,2/5/2022 15:32
278,Dagny,Symper,dsymper7p@myspace.com,8284974754,10/15/2021 13:16
279,Shea,Horbart,shorbart7q@indiatimes.com,1108119689,3/29/2022 12:34
280,Dorie,Covotto,dcovotto7r@booking.com,5024125169,1/26/2022 6:08
281,Roseann,Kellie,rkellie7s@4shared.com,9979535857,5/9/2021 19:43
282,Allene,Jeanneau,ajeanneau7t@typepad.com,6032455521,5/20/2022 5:35
283,Carma,Wiersma,cwiersma7u@mac.com,8721336326,3/21/2022 7:33
284,Stewart,Blindt,sblindt7v@bing.com,7417232213,12/15/2021 20:31
285,Glenn,Duffie,gduffie7w@altervista.org,2523301369,7/10/2022 4:13
286,Cloris,Doeg,cdoeg7x@rakuten.co.jp,1602103097,1/18/2021 2:26
287,Ruthann,Walasik,rwalasik7y@goodreads.com,637270681,2/26/2022 18:07
288,Sibby,Allabush,sallabush7z@state.gov,267325134,1/25/2022 1:18
289,Kelsy,Kenen,kkenen80@europa.eu,6422255225,5/12/2021 11:26
290,Shanan,Hyder,shyder81@g.co,7120385399,6/3/2022 1:56
291,Delila,Beiderbeck,dbeiderbeck82@dagondesign.com,4402930669,7/15/2021 14:50
292,Jeana,Troughton,jtroughton83@trellian.com,659456389,4/15/2022 21:23
293,Elsy,Josey,ejosey84@tinyurl.com,6595884747,10/11/2021 21:55
294,Saraann,Baggiani,sbaggiani85@moonfruit.com,6328293828,1/4/2022 22:24
295,Andy,McWard,amcward86@phoca.cz,1466813016,3/29/2022 18:40
296,Darill,Elldred,delldred87@is.gd,3785175744,7/27/2021 20:38
297,Horacio,Marriot,hmarriot88@google.es,1912000660,11/14/2021 5:35
298,Sasha,Billett,sbillett89@shinystat.com,9465229016,5/17/2022 18:08
299,Levey,Novello,lnovello8a@answers.com,2725896711,12/25/2021 6:45
300,Karrie,Pratchett,kpratchett8b@fastcompany.com,4321857813,6/29/2021 6:20
301,Zak,Whittet,zwhittet8c@pbs.org,3134718286,6/13/2022 10:50
302,Nicholas,Millington,nmillington8d@slideshare.net,8493305529,2/15/2021 14:24
303,Brigg,O'Lochan,bolochan8e@netvibes.com,6912469361,7/22/2021 20:51
304,Tasha,Marin,tmarin8f@blogtalkradio.com,6581302902,6/9/2021 22:41
305,Tabbitha,Davidoff,tdavidoff8g@1und1.de,1556909667,8/4/2021 7:21
306,Edward,Mailey,emailey8h@cbslocal.com,648341305,1/31/2021 19:22
307,Jamey,Goldis,jgoldis8i@wikispaces.com,9777275013,4/3/2022 11:41
308,Thaxter,Donizeau,tdonizeau8j@cargocollective.com,525027165,3/10/2021 9:00
309,Jo,Pyzer,jpyzer8k@columbia.edu,7108016478,3/17/2021 2:56
310,Gaynor,Curnok,gcurnok8l@facebook.com,5191096592,7/25/2021 18:22
311,Cami,Mullaly,cmullaly8m@si.edu,4478543712,5/10/2022 1:51
312,Lesya,Lissandrini,llissandrini8n@xing.com,25395319,1/30/2021 16:08
313,Iain,Jeschner,ijeschner8o@dot.gov,8488373287,9/3/2021 14:25
314,Basil,Siggins,bsiggins8p@arizona.edu,3289484831,1/22/2022 14:49
315,Kurtis,Harley,kharley8q@yellowbook.com,8978166121,10/27/2021 0:47
316,Cindy,Anthes,canthes8r@cmu.edu,6556464988,3/20/2022 12:14
317,Alicea,Sugge,asugge8s@quantcast.com,9593071520,12/28/2021 16:09
318,Alf,Kryszka,akryszka8t@slideshare.net,7206274447,9/14/2021 0:39
319,Sonni,Gowan,sgowan8u@wufoo.com,8305130622,1/9/2021 14:50
320,Wrennie,Silber,wsilber8v@ow.ly,5216387293,12/8/2021 23:32
321,Durant,Mattis,dmattis8w@addtoany.com,3991173883,1/22/2022 18:55
322,Greta,Smolan,gsmolan8x@istockphoto.com,1766640389,1/1/2022 15:39
323,Pate,Dannatt,pdannatt8y@usatoday.com,7744788109,1/14/2022 4:30
324,Sigismondo,Kelson,skelson8z@amazonaws.com,2654973433,4/12/2022 17:22
325,Stinky,Gounard,sgounard90@dion.ne.jp,2172308544,7/13/2021 23:18
326,Chick,Emett,cemett91@godaddy.com,8455451203,1/22/2022 8:26
327,Jakob,Gauch,jgauch92@surveymonkey.com,7406060084,3/12/2022 22:32
328,Rhett,Jikylls,rjikylls93@ifeng.com,298773090,6/25/2022 9:38
329,Andra,Greenan,agreenan94@php.net,987299891,1/9/2022 0:28
330,Fabe,Tomczykowski,ftomczykowski95@youku.com,2299221662,6/27/2022 12:28
331,Merrielle,Gillanders,mgillanders96@php.net,4449950518,3/26/2022 2:38
332,Donnajean,Rihosek,drihosek97@simplemachines.org,267733151,2/9/2021 18:04
333,Zerk,McNirlin,zmcnirlin98@sitemeter.com,3930980495,2/5/2022 15:09
334,Morie,Sumbler,msumbler99@techcrunch.com,2116071917,3/8/2022 10:29
335,Fee,Curedale,fcuredale9a@slate.com,9824681728,9/14/2021 10:57
336,Alie,Nary,anary9b@sohu.com,331112868,3/15/2021 5:08
337,Abdul,Freeborne,afreeborne9c@wikispaces.com,1038828309,5/20/2022 4:52
338,Rachelle,Emblow,remblow9d@sogou.com,8157865190,5/18/2021 19:12
339,Evania,Spencer,espencer9e@uol.com.br,7269962774,2/6/2022 17:47
340,Ninon,Howsley,nhowsley9f@who.int,159839394,12/25/2021 23:24
341,Ethelyn,Fairholme,efairholme9g@businesswire.com,1469534827,11/4/2021 4:52
342,Erny,Lindro,elindro9h@mail.ru,4818068810,7/9/2022 9:48
343,Frankie,Leving,fleving9i@cyberchimps.com,7869997404,3/29/2022 5:07
344,Hildy,Enrigo,henrigo9j@tmall.com,2551147093,2/28/2022 12:11
345,Tynan,Bon,tbon9k@ebay.co.uk,1301798878,6/18/2022 5:03
346,Nadean,Sappson,nsappson9l@uiuc.edu,9814334618,3/24/2021 6:17
347,Aurore,Patifield,apatifield9m@imageshack.us,9987045847,12/19/2021 10:43
348,Duncan,Cleynman,dcleynman9n@virginia.edu,5055146753,10/14/2021 17:28
349,Man,Sore,msore9o@bravesites.com,8013680002,5/11/2022 13:18
350,Emlyn,Petch,epetch9p@java.com,3984021240,3/18/2022 10:35
351,Chuck,Kuhl,ckuhl9q@sciencedirect.com,8200497631,3/2/2022 15:05
352,Padgett,MacGeffen,pmacgeffen9r@google.de,1313405590,11/25/2021 21:44
353,Raddy,Friskey,rfriskey9s@bigcartel.com,8843640046,11/8/2021 0:47
354,Valentia,Gridley,vgridley9t@360.cn,5152969661,8/6/2021 4:08
355,Chandra,Gonnel,cgonnel9u@wordpress.com,9342540090,2/10/2021 3:28
356,Allianora,Helling,ahelling9v@unesco.org,317733141,5/13/2021 7:04
357,Ivett,Jaskowicz,ijaskowicz9w@vk.com,4296848216,6/21/2021 12:32
358,Brunhilda,Magenny,bmagenny9x@amazonaws.com,6804881346,5/8/2021 21:30
359,Camala,Barfford,cbarfford9y@bloglovin.com,5728003664,11/10/2021 1:15
360,Rodger,Jarvis,rjarvis9z@dot.gov,5574647680,4/21/2021 13:59
361,Lutero,Mawditt,lmawditta0@tinypic.com,9442534068,11/28/2021 11:43
362,Sonny,Borrell,sborrella1@cbc.ca,2323715852,4/12/2021 2:53
363,Thatcher,Tasker,ttaskera2@tripod.com,6761102847,1/16/2022 1:23
364,Moses,Welchman,mwelchmana3@mlb.com,7459480851,6/17/2021 12:59
365,Vassili,Aleksankov,valeksankova4@jimdo.com,4869363852,7/31/2021 8:11
366,Stephannie,Tollit,stollita5@engadget.com,5852407631,12/23/2021 10:14
367,Sinclair,Barrabeale,sbarrabealea6@freewebs.com,9323884405,6/5/2022 11:08
368,Rodina,Sewley,rsewleya7@imageshack.us,8706734766,9/25/2021 14:31
369,Madalena,Moisey,mmoiseya8@yale.edu,4009943882,5/13/2021 21:26
370,Peadar,Melmore,pmelmorea9@reddit.com,5404499613,4/12/2021 22:07
371,Jeanette,McColl,jmccollaa@com.com,7653173667,8/16/2021 13:45
372,Rubia,Roubert,rroubertab@1und1.de,8555579953,5/25/2022 21:21
373,Tabbie,Cowap,tcowapac@icio.us,8066722567,6/17/2022 18:53
374,Fiorenze,Lemarie,flemariead@rakuten.co.jp,237756943,8/21/2021 8:51
375,Giavani,Labusquiere,glabusquiereae@cloudflare.com,358688329,2/6/2022 7:38
376,Kahaleel,Barensen,kbarensenaf@nih.gov,7591259512,9/5/2021 6:19
377,Terry,todor,ttodorag@seattletimes.com,4685120655,4/17/2021 13:32
378,Janeta,Pottinger,jpottingerah@dailymail.co.uk,6703581142,9/3/2021 8:50
379,Bette,Webland,bweblandai@netvibes.com,7807864575,8/14/2021 17:15
380,Bobbye,Strelitz,bstrelitzaj@spotify.com,1535707496,6/9/2022 10:32
381,Jobye,Conman,jconmanak@vimeo.com,1802266267,4/24/2021 6:32
382,Theo,Penberthy,tpenberthyal@spotify.com,8626946872,12/26/2021 2:56
383,Marcy,Honeywood,mhoneywoodam@squidoo.com,9351329054,2/9/2021 4:36
384,Hillard,Crighton,hcrightonan@canalblog.com,5051371760,12/30/2021 11:36
385,Shepperd,Doddridge,sdoddridgeao@etsy.com,5239457816,3/14/2022 20:47
386,Kean,Barrington,kbarringtonap@vk.com,6008963679,11/28/2021 21:38
387,Sig,McKern,smckernaq@infoseek.co.jp,1935612816,9/20/2021 15:01
388,Audrye,Sandell,asandellar@friendfeed.com,6486482990,6/8/2021 10:04
389,Remy,Devennie,rdevennieas@google.co.uk,7898637321,1/15/2022 12:44
390,Ester,Huffey,ehuffeyat@constantcontact.com,4477964854,2/26/2022 11:53
391,Symon,Poyzer,spoyzerau@tumblr.com,8176166650,4/11/2021 15:40
392,Madeline,Sutheran,msutheranav@google.ru,1127680951,5/3/2021 13:02
393,Codie,Linkleter,clinkleteraw@blogtalkradio.com,4499797519,3/7/2022 2:18
394,Stepha,McIlheran,smcilheranax@sfgate.com,954742389,7/24/2022 14:12
395,Dame,D'Oyley,ddoyleyay@telegraph.co.uk,3813966771,12/19/2021 6:32
396,Noll,Willford,nwillfordaz@wikimedia.org,4145685741,5/30/2021 19:27
397,Annissa,Guy,aguyb0@alexa.com,6680307759,11/11/2021 12:16
398,Arvy,Gillam,agillamb1@bigcartel.com,981307035,7/29/2021 12:58
399,Maurice,Brimner,mbrimnerb2@nbcnews.com,3548019978,7/5/2021 2:24
400,Adolphus,Bentje,abentjeb3@amazon.com,8202985366,11/25/2021 4:18
401,Sybil,Trowill,strowillb4@scientificamerican.com,1731555598,5/24/2022 17:26
402,Noreen,Haysom,nhaysomb5@webeden.co.uk,820193720,9/28/2021 15:41
403,Tisha,McGuiney,tmcguineyb6@myspace.com,7564170263,6/10/2022 22:53
404,Myrta,Lynnitt,mlynnittb7@sogou.com,2002273383,5/24/2021 13:17
405,Arthur,Caldwell,acaldwellb8@nyu.edu,6806366007,9/27/2021 21:21
406,Kiley,Paskell,kpaskellb9@narod.ru,1730438970,12/31/2021 8:08
407,Annette,Bartlett,abartlettba@issuu.com,6594472275,6/7/2021 8:09
408,Odella,Olivier,oolivierbb@reddit.com,2344911391,4/19/2021 17:45
409,Janella,Benz,jbenzbc@smugmug.com,160393787,6/1/2021 11:09
410,Prudence,Kildea,pkildeabd@samsung.com,9379802625,5/1/2021 6:53
411,Riley,Artinstall,rartinstallbe@buzzfeed.com,1823866980,10/9/2021 15:16
412,Chrissie,Tebbs,ctebbsbf@nationalgeographic.com,696000717,4/22/2022 3:26
413,Corinne,Coolson,ccoolsonbg@techcrunch.com,7687125649,12/16/2021 9:07
414,Zabrina,MacGibbon,zmacgibbonbh@quantcast.com,8136169950,6/26/2022 11:50
415,Fidelia,Kingscote,fkingscotebi@psu.edu,3265591956,3/10/2021 5:06
416,Harris,Backler,hbacklerbj@typepad.com,710508808,4/24/2022 12:32
417,Aube,Luter,aluterbk@guardian.co.uk,1687361371,8/17/2021 1:38
418,August,Connop,aconnopbl@dyndns.org,5317332532,7/2/2022 15:07
419,Sidoney,Bunston,sbunstonbm@theguardian.com,1828096954,8/19/2021 7:47
420,Ingar,Brambley,ibrambleybn@bloglines.com,5302796953,5/14/2022 20:57
421,Chad,Halms,chalmsbo@indiegogo.com,7919808650,2/11/2022 21:21
422,Cammy,Sands,csandsbp@go.com,3838546903,6/30/2021 19:09
423,Tyrus,Bough,tboughbq@rakuten.co.jp,5869811317,5/5/2021 9:14
424,Lorilyn,Lante,llantebr@prlog.org,4913577735,11/8/2021 14:48
425,Mayer,Standbrook,mstandbrookbs@bbb.org,5488877592,5/6/2022 9:15
426,Rollie,Ivashnyov,rivashnyovbt@artisteer.com,2494296897,8/5/2021 11:27
427,Bellanca,Cawson,bcawsonbu@taobao.com,2279136708,4/17/2022 7:58
428,Shir,Hurley,shurleybv@geocities.com,1398542571,7/27/2021 20:18
429,Bernardina,Wapol,bwapolbw@e-recht24.de,1371750513,10/27/2021 15:05
430,Emelyne,Barnett,ebarnettbx@nasa.gov,6665646416,4/24/2022 6:03
431,Ephrem,Hilldrup,ehilldrupby@harvard.edu,2511829398,11/20/2021 8:42
432,Jay,McGavigan,jmcgaviganbz@usa.gov,9749332644,9/23/2021 9:00
433,Silvanus,Ranald,sranaldc0@google.ca,9643252825,9/22/2021 21:15
434,Ludovico,Kelbie,lkelbiec1@bigcartel.com,5045513400,6/21/2022 17:06
435,Evyn,Vella,evellac2@slashdot.org,9742705410,5/21/2022 5:45
436,Angelina,McCarty,amccartyc3@webnode.com,1522858954,6/10/2022 0:07
437,Shell,Machen,smachenc4@canalblog.com,8228886373,5/9/2021 17:32
438,Kippy,Ohm,kohmc5@ow.ly,534712843,11/10/2021 15:00
439,Granger,Golsworthy,ggolsworthyc6@storify.com,4175386475,6/21/2021 2:57
440,Red,Kruschev,rkruschevc7@aol.com,4208009519,1/29/2022 21:23
441,Andrea,Pardey,apardeyc8@ameblo.jp,8777839579,10/28/2021 2:16
442,Bernhard,Anthony,banthonyc9@google.co.jp,8112295328,7/4/2022 17:34
443,Nertie,Fairholme,nfairholmeca@furl.net,264731107,7/26/2021 11:40
444,Phillip,Baird,pbairdcb@typepad.com,6172255827,4/17/2021 3:55
445,Terra,Janek,tjanekcc@mit.edu,2462763511,12/14/2021 17:48
446,Werner,Buckthorpe,wbuckthorpecd@blinklist.com,646363700,2/7/2022 21:03
447,Diena,Fayers,dfayersce@ameblo.jp,180903292,2/24/2022 20:06
448,Maximilian,Pengelley,mpengelleycf@hao123.com,7025378038,12/8/2021 23:00
449,Ezra,Kilgrove,ekilgrovecg@oaic.gov.au,2848720638,12/31/2021 6:09
450,Brook,Wink,bwinkch@sourceforge.net,8524077921,5/2/2021 22:05
451,Neville,Dominick,ndominickci@gravatar.com,2079656708,5/20/2022 0:23
452,Hashim,Freeborne,hfreebornecj@dailymotion.com,1776244001,2/3/2021 17:55
453,Cris,Parmenter,cparmenterck@soup.io,1050724747,11/4/2021 10:06
454,Michaeline,Chomicz,mchomiczcl@ebay.co.uk,435797840,2/5/2022 18:30
455,Jamie,Bermingham,jberminghamcm@weibo.com,903442795,3/16/2021 17:04
456,Humberto,Tollett,htollettcn@w3.org,1304516644,4/1/2021 13:05
457,Dorey,Kenvin,dkenvinco@shop-pro.jp,9474134960,10/21/2021 22:38
458,Mora,Gomby,mgombycp@hubpages.com,732764459,8/24/2021 2:20
459,Clem,McClunaghan,cmcclunaghancq@over-blog.com,1387573357,4/21/2022 20:53
460,Chloe,Sprull,csprullcr@blogtalkradio.com,3794792750,3/17/2021 11:11
461,Julie,Horsley,jhorsleycs@senate.gov,1001294203,8/2/2021 1:12
462,Malorie,Creavin,mcreavinct@imageshack.us,7712018278,11/9/2021 8:30
463,Aubry,Degoey,adegoeycu@cnn.com,8284455870,6/25/2021 15:51
464,Kimbell,Lawey,klaweycv@dion.ne.jp,8227370802,9/9/2021 22:25
465,Randi,Paddock,rpaddockcw@skyrock.com,1934594709,7/17/2021 6:52
466,Ronald,Cordery,rcorderycx@taobao.com,342970313,12/6/2021 20:35
467,Rozanna,Leworthy,rleworthycy@hostgator.com,9933883828,7/2/2021 18:49
468,Taddeusz,Castanone,tcastanonecz@rediff.com,9745650935,5/9/2021 1:03
469,Charles,Sobtka,csobtkad0@163.com,1065616376,8/18/2021 21:48
470,Persis,Pentercost,ppentercostd1@netlog.com,7264866904,5/18/2021 15:55
471,Hashim,Liepins,hliepinsd2@ox.ac.uk,6975302510,5/4/2021 3:53
472,Audre,Schoular,aschoulard3@alexa.com,5553515963,5/23/2022 14:21
473,Wilek,Coolican,wcoolicand4@hexun.com,9702992206,3/10/2021 13:09
474,Shelagh,Dicke,sdicked5@ebay.com,2782589164,2/17/2021 23:06
475,Larina,Domenici,ldomenicid6@naver.com,8721637741,8/8/2021 20:12
476,Alfredo,Busson,abussond7@state.gov,8209523309,4/12/2022 12:27
477,Wat,Baly,wbalyd8@spotify.com,707983584,1/2/2021 14:51
478,Ashla,Balcombe,abalcombed9@4shared.com,9313833115,2/12/2021 12:46
479,Helenelizabeth,Raistrick,hraistrickda@newsvine.com,4702406965,2/12/2022 10:17
480,Marisa,Telford,mtelforddb@sbwire.com,1959986724,3/23/2021 12:19
481,Gawen,Dumsday,gdumsdaydc@hexun.com,8914146936,12/7/2021 11:47
482,Marlene,Bizley,mbizleydd@state.gov,8597908025,12/30/2021 12:53
483,Darn,Bigley,dbigleyde@about.me,4867784028,2/15/2021 9:42
484,Sandor,Hocking,shockingdf@umich.edu,1825702454,2/24/2022 19:04
485,Kirstyn,Jerzyk,kjerzykdg@tuttocitta.it,8128772120,6/14/2022 10:51
486,Delmar,Vango,dvangodh@xing.com,6901325061,3/10/2022 20:32
487,Carolyn,Sokill,csokilldi@berkeley.edu,9371808306,4/17/2022 17:49
488,Saul,Casseldine,scasseldinedj@plala.or.jp,4815745927,5/29/2021 13:20
489,Wade,Littleover,wlittleoverdk@si.edu,7362917619,12/9/2021 5:31
490,Jessamine,Flaxon,jflaxondl@yellowpages.com,1561821675,9/24/2021 4:10
491,Fania,Wisby,fwisbydm@redcross.org,2396302817,8/10/2021 6:55
492,Brandyn,Sillwood,bsillwooddn@google.es,6749727506,12/25/2021 8:35
493,Dianne,Lilley,dlilleydo@artisteer.com,6172409417,2/1/2022 23:51
494,Geordie,Isaacs,gisaacsdp@foxnews.com,8781599447,7/2/2021 1:30
495,Constanta,Bredes,cbredesdq@ibm.com,419466037,1/10/2021 19:18
496,Miriam,Geaves,mgeavesdr@tamu.edu,1757937994,5/17/2022 7:49
497,Marlane,Bleier,mbleierds@guardian.co.uk,6720371827,3/28/2022 1:51
498,Carree,Ellwand,cellwanddt@zdnet.com,7725199853,10/11/2021 2:08
499,Maurene,MacManus,mmacmanusdu@wisc.edu,2562517997,10/13/2021 11:26
500,Charlene,Devenport,cdevenportdv@skyrock.com,1153141981,9/28/2021 2:09
501,Melodie,Brayne,mbraynedw@chronoengine.com,3126168566,2/16/2022 6:06
502,Vivianne,Barrows,vbarrowsdx@dropbox.com,8940415396,1/13/2022 6:43
503,Doloritas,Lockey,dlockeydy@marriott.com,5960631172,2/12/2021 1:44
504,Jolie,Dubber,jdubberdz@gravatar.com,2892627613,4/18/2021 19:01
505,Belia,O'Hoolahan,bohoolahane0@hibu.com,6438496758,12/30/2021 2:17
506,Beulah,Bampfield,bbampfielde1@usa.gov,1477469508,5/22/2022 4:36
507,Wolf,Seson,wsesone2@people.com.cn,2788976011,5/16/2021 6:26
508,Micah,Chiswell,mchiswelle3@shinystat.com,3021375162,12/26/2021 3:53
509,Matti,Drackford,mdrackforde4@sakura.ne.jp,4056601283,6/21/2021 12:07
510,Bobbette,Leadbetter,bleadbettere5@hc360.com,8446074214,9/13/2021 0:25
511,Casi,Gianulli,cgianullie6@weebly.com,7627114942,4/21/2022 14:29
512,Brannon,Osbaldeston,bosbaldestone7@yahoo.com,647749459,6/21/2022 13:30
513,Jamesy,Scarsbrook,jscarsbrooke8@intel.com,2766143564,3/1/2022 21:05
514,Brig,Shergold,bshergolde9@liveinternet.ru,9982857975,3/5/2021 17:53
515,Patten,McBean,pmcbeanea@mtv.com,3038194425,8/21/2021 10:34
516,Isador,Kinkade,ikinkadeeb@wsj.com,7952673580,8/1/2021 20:20
517,Vilma,Winspire,vwinspireec@walmart.com,1900790769,11/20/2021 3:04
518,Fabe,Butterwick,fbutterwicked@mapquest.com,2486746846,4/11/2021 8:54
519,Anna-diana,Roles,arolesee@deviantart.com,6899897849,8/2/2021 8:12
520,Venita,Cornfoot,vcornfootef@techcrunch.com,9114118262,4/24/2021 6:16
521,Harriott,Rysdale,hrysdaleeg@angelfire.com,5210964078,3/21/2022 7:59
522,Hinze,Excell,hexcelleh@phoca.cz,7532897745,8/4/2021 16:28
523,Gustav,Armitage,garmitageei@bing.com,9315390172,4/20/2021 11:25
524,Melina,Chable,mchableej@census.gov,2860498176,10/10/2021 5:18
525,Alix,Clavering,aclaveringek@macromedia.com,7796824130,4/18/2021 12:37
526,Wilmette,Harome,wharomeel@so-net.ne.jp,6236875669,4/30/2022 14:22
527,Terri,Chipping,tchippingem@altervista.org,9485477236,7/3/2021 12:06
528,Tye,Garriock,tgarriocken@answers.com,4118025183,1/3/2022 8:14
529,Esteban,Urch,eurcheo@example.com,3872404806,3/23/2022 9:47
530,Ulberto,Vernham,uvernhamep@mac.com,1629312681,11/29/2021 20:54
531,Jammal,Jenny,jjennyeq@t-online.de,258979178,10/21/2021 23:59
532,Row,Anetts,ranettser@nydailynews.com,3300557372,6/22/2022 5:05
533,Kearney,Errington,kerringtones@rakuten.co.jp,6905193658,9/6/2021 9:47
534,Sigvard,Warsop,swarsopet@forbes.com,7566445413,11/17/2021 10:28
535,Bartel,McCafferty,bmccaffertyeu@arizona.edu,9926384145,10/23/2021 5:09
536,Kathryne,Gawne,kgawneev@theguardian.com,2776874286,3/23/2022 11:13
537,Brandon,Blaasch,bblaaschew@geocities.jp,3496848537,1/16/2021 5:20
538,Marta,Coleborn,mcolebornex@admin.ch,3322602095,12/16/2021 14:50
539,Agnese,Goodsir,agoodsirey@mlb.com,902578170,12/26/2021 10:20
540,Abelard,Nelmes,anelmesez@ezinearticles.com,8916427843,10/23/2021 23:09
541,Georgia,Tordoff,gtordofff0@patch.com,3348344832,7/10/2022 7:46
542,Riccardo,Danforth,rdanforthf1@ftc.gov,2414733411,1/21/2021 7:57
543,Corri,Kindle,ckindlef2@cam.ac.uk,3716621137,1/31/2021 12:52
544,Cobbie,Tortoise,ctortoisef3@mail.ru,3869735392,8/12/2021 16:47
545,Vernen,Hugnot,vhugnotf4@walmart.com,7425381079,5/20/2022 23:30
546,Brigit,Watling,bwatlingf5@apache.org,5088547455,1/30/2022 22:16
547,Aurel,Conaboy,aconaboyf6@pen.io,9749274628,2/14/2021 19:28
548,Paola,Stodd,pstoddf7@weebly.com,9831619293,6/5/2021 21:23
549,Parry,McCartan,pmccartanf8@weebly.com,1724378996,10/16/2021 5:24
550,Correy,Frugier,cfrugierf9@discuz.net,429531699,6/26/2022 9:02
551,Kristos,Curro,kcurrofa@livejournal.com,9126658321,1/3/2021 12:02
552,Alix,Went,awentfb@nih.gov,4006014740,1/15/2021 8:35
553,Abrahan,McGilben,amcgilbenfc@people.com.cn,8280417281,6/24/2022 18:20
554,Ewen,Luciano,elucianofd@mysql.com,2064042814,1/16/2022 0:02
555,Alicea,Desesquelle,adesesquellefe@wunderground.com,5667745755,1/30/2021 9:40
556,Starlene,Kibbey,skibbeyff@ezinearticles.com,548425442,7/10/2022 12:24
557,Anton,Cooling,acoolingfg@fastcompany.com,139934146,4/12/2022 11:21
558,Ollie,Gooday,ogoodayfh@meetup.com,4975369095,4/19/2022 8:11
559,Marmaduke,Bondar,mbondarfi@bravesites.com,4521013783,5/6/2022 5:04
560,Gustaf,Huddles,ghuddlesfj@storify.com,7041370240,8/10/2021 20:07
561,Gaylor,Vaneev,gvaneevfk@nydailynews.com,7007974988,1/21/2021 15:55
562,Kenyon,Bland,kblandfl@ifeng.com,7972277370,2/2/2022 4:55
563,Redford,Coxall,rcoxallfm@merriam-webster.com,8988611942,5/22/2021 16:52
564,Elisabetta,Verduin,everduinfn@biblegateway.com,8003387124,5/22/2022 15:32
565,Kim,Testo,ktestofo@google.com,6441933772,5/19/2022 3:45
566,Sandra,Treasaden,streasadenfp@godaddy.com,3814498844,3/20/2022 9:56
567,Tiebold,Rawcliffe,trawcliffefq@noaa.gov,3809064432,7/22/2022 8:51
568,Janeva,Spadoni,jspadonifr@trellian.com,732919487,2/10/2022 21:37
569,Jedidiah,Hasselby,jhasselbyfs@cam.ac.uk,6231663663,1/13/2022 5:06
570,Webb,Duffit,wduffitft@g.co,4313091688,7/10/2021 23:04
571,Rebeka,Kendell,rkendellfu@ning.com,4786671649,8/25/2021 15:22
572,Alexandr,Villaron,avillaronfv@ustream.tv,910730776,9/24/2021 1:28
573,Brana,Starkings,bstarkingsfw@amazonaws.com,9314337146,1/25/2021 14:25
574,Edsel,Stanwix,estanwixfx@admin.ch,2088354018,1/3/2022 5:18
575,Richard,Hame,rhamefy@vk.com,4959111623,7/4/2022 23:06
576,Darius,Sumpner,dsumpnerfz@sohu.com,2727409958,3/23/2022 15:04
577,Ara,Kemshell,akemshellg0@chicagotribune.com,1021981729,6/26/2022 0:01
578,Colet,Daud,cdaudg1@symantec.com,3267487862,9/24/2021 11:14
579,Maye,Camplejohn,mcamplejohng2@hubpages.com,6050611130,2/18/2021 18:51
580,Gilberte,Aldren,galdreng3@topsy.com,2018217836,4/17/2021 3:48
581,Reeba,Jersh,rjershg4@buzzfeed.com,2868186440,9/17/2021 6:49
582,Sibyl,Pietranek,spietranekg5@creativecommons.org,7242090539,6/2/2022 17:58
583,Randie,Blakeway,rblakewayg6@multiply.com,4782610831,1/27/2021 14:14
584,Lorry,Grenshields,lgrenshieldsg7@spiegel.de,2040433600,5/4/2022 19:10
585,Nealson,Lissandri,nlissandrig8@mail.ru,4689701997,4/14/2021 23:01
586,Jennilee,Matthessen,jmatthesseng9@yolasite.com,1690166568,2/8/2022 20:41
587,Denver,Bryde,dbrydega@studiopress.com,1829521101,5/4/2022 2:15
588,Betty,Renehan,brenehangb@gov.uk,548387389,10/15/2021 4:44
589,Giraldo,Worstall,gworstallgc@trellian.com,9637303421,9/16/2021 21:30
590,Emilia,Plastow,eplastowgd@nps.gov,6794334771,6/11/2021 10:15
591,Rice,Luther,rlutherge@scribd.com,7867880054,3/30/2021 4:12
592,Heloise,Cossey,hcosseygf@china.com.cn,6439859870,2/26/2022 14:54
593,Moe,Drepp,mdreppgg@webs.com,9585110768,4/18/2021 19:14
594,Brock,Brandenberg,bbrandenberggh@slate.com,8204782357,2/14/2021 3:12
595,Livia,Adamkiewicz,ladamkiewiczgi@linkedin.com,2754998012,3/9/2021 3:28
596,Salim,Arter,sartergj@bluehost.com,8136328188,2/16/2021 9:01
597,Lindsey,McAughtrie,lmcaughtriegk@blog.com,7905370976,5/28/2022 6:53
598,Care,Puffett,cpuffettgl@usda.gov,8064269091,5/7/2022 23:23
599,Ingra,Derl,iderlgm@sina.com.cn,6304032595,6/26/2021 18:14
600,Cyril,Blackleech,cblackleechgn@digg.com,1500816310,3/31/2022 2:32
601,Chevy,Brant,cbrantgo@apache.org,7907026229,4/8/2021 4:38
602,Evy,Murphy,emurphygp@house.gov,8951554589,4/15/2021 12:03
603,Gussi,Druitt,gdruittgq@cocolog-nifty.com,1784898783,5/26/2021 16:33
604,Isidro,Rowley,irowleygr@last.fm,8726779013,10/3/2021 19:47
605,Babara,Dunlop,bdunlopgs@diigo.com,6918730967,8/3/2021 17:23
606,Maurise,Nelsey,mnelseygt@theatlantic.com,4492135030,1/20/2021 23:19
607,Martino,Chapellow,mchapellowgu@seesaa.net,8880019198,5/13/2022 18:05
608,Loni,Bohlje,lbohljegv@netlog.com,75982404,5/24/2022 5:44
609,Tera,Paynes,tpaynesgw@ca.gov,1280455780,5/21/2022 22:47
610,Lorens,Lord,llordgx@wix.com,9347569429,5/31/2021 19:24
611,Prentice,Segrave,psegravegy@eventbrite.com,4045381112,1/2/2021 9:30
612,Elladine,Antley,eantleygz@apple.com,1708142355,5/1/2022 23:17
613,Borg,Cawdron,bcawdronh0@ft.com,426402251,11/19/2021 8:09
614,Pascale,Laker,plakerh1@zdnet.com,4079592833,11/24/2021 20:41
615,Wilhelmine,Riche,wricheh2@bbc.co.uk,6132322094,11/11/2021 8:31
616,Baxy,Thorsby,bthorsbyh3@example.com,5970693456,11/28/2021 17:08
617,Kerr,Leaney,kleaneyh4@intel.com,6539805438,8/3/2021 10:16
618,Melisa,O'Hagan,mohaganh5@umn.edu,6291345323,12/25/2021 17:28
619,Keane,Baniard,kbaniardh6@fc2.com,1440096171,2/5/2022 17:09
620,Claybourne,Pisculli,cpiscullih7@examiner.com,691759073,4/11/2021 6:33
621,Morgen,Debney,mdebneyh8@mediafire.com,9236747000,7/17/2021 10:31
622,Malinde,Shevlane,mshevlaneh9@wikia.com,8816548649,12/21/2021 0:23
623,Honoria,Clarey,hclareyha@istockphoto.com,513895051,9/4/2021 6:44
624,Matti,Gauthorpp,mgauthorpphb@amazon.co.uk,888438990,2/14/2022 1:59
625,Juliane,Hyde,jhydehc@gravatar.com,272376620,3/13/2021 12:47
626,Archy,Sizey,asizeyhd@reddit.com,6799779704,6/9/2022 2:41
627,Marlowe,Tuke,mtukehe@newsvine.com,4268482687,1/30/2022 8:42
628,Kass,Lehrle,klehrlehf@icio.us,90333101,1/31/2022 18:40
629,Itch,Solland,isollandhg@businesswire.com,6668213545,4/6/2021 12:06
630,Anastassia,Rainger,araingerhh@typepad.com,3414548372,3/11/2021 5:44
631,Elaine,Sonier,esonierhi@nps.gov,8553253716,4/30/2021 4:28
632,Fiorenze,Roblett,frobletthj@examiner.com,3821493771,5/28/2022 11:26
633,Margaux,Essery,messeryhk@ihg.com,7304183462,12/19/2021 11:04
634,Mame,MacCourt,mmaccourthl@miitbeian.gov.cn,6514400019,8/6/2021 18:35
635,Cory,Spargo,cspargohm@kickstarter.com,7666355068,12/30/2021 12:20
636,Garold,Barkley,gbarkleyhn@fda.gov,4463842611,11/15/2021 15:10
637,Lishe,Hatherley,lhatherleyho@bbc.co.uk,8395126085,5/27/2022 5:48
638,Abeu,Enriques,aenriqueshp@mashable.com,2677274655,3/11/2022 11:57
639,Adella,Waymont,awaymonthq@dropbox.com,5518802943,1/1/2021 15:12
640,Muhammad,Stanman,mstanmanhr@sun.com,5045761773,10/10/2021 11:49
641,Keeley,Lang,klanghs@rakuten.co.jp,8137412867,4/24/2022 4:05
642,Lynnell,Ions,lionsht@squidoo.com,5866046911,9/22/2021 4:08
643,Stephine,Hitscher,shitscherhu@ucoz.ru,3315981523,1/16/2021 15:23
644,Fawn,Stain,fstainhv@paypal.com,7535010776,8/11/2021 5:03
645,Celie,Burchatt,cburchatthw@google.fr,6484316473,5/5/2022 15:30
646,Nelie,De Micoli,ndemicolihx@boston.com,5314422700,9/18/2021 11:26
647,Anni,Height,aheighthy@liveinternet.ru,787277568,4/19/2022 3:16
648,Cassi,Langstrath,clangstrathhz@vkontakte.ru,8653048731,10/5/2021 3:31
649,Dode,Winterborne,dwinterbornei0@google.ru,6304672217,5/21/2021 7:29
650,Agretha,Edgcombe,aedgcombei1@samsung.com,1783361247,7/10/2021 18:13
651,Ariana,Siggens,asiggensi2@webs.com,8650338682,10/17/2021 14:58
652,Jessalyn,Cavee,jcaveei3@exblog.jp,2868202233,3/26/2022 3:08
653,Marillin,Carragher,mcarragheri4@mac.com,8386431792,6/22/2022 22:55
654,Tedmund,Partington,tpartingtoni5@loc.gov,5684708609,2/23/2021 2:00
655,Griz,Lowndesbrough,glowndesbroughi6@wordpress.org,7583783801,2/12/2021 12:20
656,Julianna,Champe,jchampei7@opensource.org,533446031,1/11/2022 2:28
657,Gay,Van de Velde,gvandeveldei8@yellowbook.com,862410495,11/29/2021 10:00
658,Nerti,Thewlis,nthewlisi9@dyndns.org,234252189,6/29/2022 7:13
659,Anthony,McLoney,amcloneyia@usa.gov,2109227109,9/2/2021 12:27
660,Natassia,Hawtry,nhawtryib@intel.com,1047990652,10/2/2021 5:55
661,Godart,Peascod,gpeascodic@pbs.org,7621435496,2/21/2022 9:11
662,Jori,Champain,jchampainid@typepad.com,9158966285,1/9/2021 18:25
663,Petr,Kilfeather,pkilfeatherie@ning.com,4424193403,7/17/2022 22:00
664,Franklyn,Alvis,falvisif@ifeng.com,4275849280,6/5/2022 7:11
665,Teddy,Rizzone,trizzoneig@storify.com,4284220551,2/13/2021 7:32
666,Ford,Ganning,fganningih@gnu.org,4408472034,6/29/2022 5:30
667,Larisa,Dalliwater,ldalliwaterii@bravesites.com,9772859793,7/10/2021 19:03
668,Glenn,Balfe,gbalfeij@amazon.co.jp,6593392669,12/21/2021 21:46
669,Elene,Schoffel,eschoffelik@goodreads.com,689390505,12/13/2021 7:31
670,Frayda,Danev,fdanevil@dyndns.org,7970110797,5/17/2022 9:28
671,Vilma,Dimeloe,vdimeloeim@microsoft.com,6860362871,10/17/2021 23:19
672,Waverly,Cran,wcranin@kickstarter.com,975432133,5/16/2022 12:24
673,Charo,Jersch,cjerschio@tinypic.com,4857487837,3/25/2021 0:51
674,Radcliffe,Atmore,ratmoreip@tamu.edu,6210442692,3/14/2022 21:32
675,Nerti,Bustard,nbustardiq@irs.gov,7701150544,5/14/2021 12:17
676,Guy,Dimbylow,gdimbylowir@sciencedaily.com,4402555167,5/19/2021 14:12
677,Broddie,Maddie,bmaddieis@google.nl,9521268743,3/20/2021 3:18
678,Far,Larkins,flarkinsit@xinhuanet.com,6021638514,1/8/2022 14:31
679,Melisse,Tales,mtalesiu@abc.net.au,9937543584,1/17/2021 8:35
680,Walt,Rosthorn,wrosthorniv@go.com,1920157646,7/12/2022 17:26
681,Arni,Curness,acurnessiw@rediff.com,9694955173,10/10/2021 19:39
682,Haily,Sottell,hsottellix@webmd.com,6945089908,1/17/2021 8:35
683,Hermie,Roskelley,hroskelleyiy@drupal.org,3919600304,11/6/2021 14:49
684,Ermentrude,Kohler,ekohleriz@google.com.au,867784954,6/17/2021 13:42
685,Berkley,Guiraud,bguiraudj0@skyrock.com,9905215735,9/7/2021 7:45
686,Roderick,Woofinden,rwoofindenj1@webs.com,2879984335,4/12/2022 19:26
687,Karol,Franca,kfrancaj2@shareasale.com,7948078789,3/4/2022 4:30
688,Kenon,Kellough,kkelloughj3@jigsy.com,2120133948,5/3/2022 7:52
689,Worth,Haslen,whaslenj4@csmonitor.com,7306714651,3/9/2022 5:29
690,Heath,Costell,hcostellj5@google.com.hk,3956893468,3/21/2021 22:07
691,Dallas,Keywood,dkeywoodj6@dagondesign.com,2169690840,2/21/2022 12:48
692,Frankie,Chawner,fchawnerj7@wordpress.org,953217973,12/10/2021 17:45
693,Bernard,Bromilow,bbromilowj8@geocities.jp,9176643263,3/13/2022 19:41
694,Juliane,Parkman,jparkmanj9@un.org,3213289973,10/23/2021 22:35
695,Kath,Durward,kdurwardja@oracle.com,166634379,5/2/2021 16:35
696,Claire,Iorillo,ciorillojb@squidoo.com,5274387535,12/6/2021 13:44
697,Brigham,Rue,bruejc@irs.gov,291494366,6/16/2021 23:15
698,Jesselyn,Stoute,jstoutejd@yolasite.com,9785387747,6/23/2022 20:14
699,Brennen,Durie,bdurieje@ox.ac.uk,5408055647,3/11/2021 21:03
700,Crystal,Saynor,csaynorjf@gravatar.com,5497482414,5/23/2021 13:01
701,Leopold,Lindberg,llindbergjg@edublogs.org,5169467125,5/23/2022 12:05
702,Sargent,Fairlem,sfairlemjh@jimdo.com,9960546802,10/17/2021 8:39
703,Sonnie,Andries,sandriesji@yahoo.co.jp,9530787383,7/24/2021 4:25
704,Gerty,Davidde,gdaviddejj@cdbaby.com,281134294,9/23/2021 16:57
705,Filmer,Cescot,fcescotjk@paginegialle.it,8843370529,8/12/2021 21:49
706,Cristian,Webben,cwebbenjl@slideshare.net,5022938618,1/28/2022 17:56
707,Collin,Tuffrey,ctuffreyjm@pbs.org,6306485236,4/19/2021 3:42
708,Dorry,Potteridge,dpotteridgejn@imgur.com,4148787197,2/24/2021 13:10
709,Evania,Disman,edismanjo@homestead.com,9432456331,7/12/2021 17:25
710,Pattie,Pimlock,ppimlockjp@hubpages.com,769654193,4/29/2022 21:10
711,Frankie,Tether,ftetherjq@opensource.org,5990519621,3/24/2022 2:37
712,Gaspard,Emmott,gemmottjr@4shared.com,1110348169,4/28/2021 3:43
713,Oralla,De Andisie,odeandisiejs@pcworld.com,8331246241,1/12/2022 4:38
714,Dillon,Windsor,dwindsorjt@indiatimes.com,6728838007,11/15/2021 15:42
715,Major,Lethcoe,mlethcoeju@reddit.com,4015119444,11/13/2021 0:13
716,Yetta,Habbershon,yhabbershonjv@usa.gov,9617740850,5/16/2021 18:52
717,Nada,O'Feeney,nofeeneyjw@stanford.edu,8085510375,4/27/2022 23:04
718,Elsbeth,Chaudron,echaudronjx@hhs.gov,1744019428,12/8/2021 5:27
719,Andeee,Orgill,aorgilljy@ted.com,4242334214,3/4/2022 5:25
720,Lura,Pengilly,lpengillyjz@ustream.tv,2395547433,6/20/2022 10:50
721,Yolanthe,Gainforth,ygainforthk0@sogou.com,4945432252,1/3/2021 22:46
722,Beatriz,Aronin,baronink1@skyrock.com,7121352338,4/17/2022 13:42
723,Ianthe,Exrol,iexrolk2@jugem.jp,9993156914,11/30/2021 18:14
724,Odelinda,Butland,obutlandk3@ted.com,5195177201,5/13/2021 19:30
725,Garvy,Cuncarr,gcuncarrk4@slideshare.net,9556161066,7/7/2021 21:12
726,Enrique,Brazenor,ebrazenork5@npr.org,9138593165,1/22/2022 6:55
727,Mirabelle,Headford,mheadfordk6@dedecms.com,5006669608,7/17/2021 11:10
728,Farlay,Hamsley,fhamsleyk7@xrea.com,7982949673,1/26/2022 2:33
729,Seumas,Brayn,sbraynk8@vistaprint.com,7807287470,2/22/2021 7:20
730,Ingemar,Markovic,imarkovick9@businesswire.com,3657938389,10/13/2021 8:39
731,Rochette,Leinster,rleinsterka@mac.com,3338135343,1/2/2022 5:16
732,Charlene,Manlow,cmanlowkb@ebay.co.uk,2887050532,5/18/2021 1:30
733,Billye,Lawlings,blawlingskc@scribd.com,7401720566,5/10/2022 20:30
734,Elspeth,Tapsfield,etapsfieldkd@nifty.com,7994509851,10/19/2021 14:40
735,Rowland,Tussaine,rtussaineke@cargocollective.com,7803650589,11/17/2021 20:32
736,Selie,Mc Gorley,smcgorleykf@ustream.tv,4103760400,4/26/2022 1:28
737,Town,Sims,tsimskg@economist.com,2165812941,10/30/2021 15:11
738,Charleen,Gromley,cgromleykh@bbb.org,7680369879,10/9/2021 22:16
739,Sauncho,Baszniak,sbaszniakki@sbwire.com,211629162,2/17/2021 2:30
740,Donovan,Valadez,dvaladezkj@geocities.jp,4425281713,1/29/2021 15:20
741,Marietta,Mateescu,mmateescukk@house.gov,6984144043,3/25/2021 3:54
742,Gladys,Sokill,gsokillkl@arizona.edu,9699864656,4/23/2021 20:56
743,Raquel,Timperley,rtimperleykm@google.ru,7875665582,1/29/2021 17:46
744,Binnie,Ferrieres,bferriereskn@so-net.ne.jp,9989880042,7/14/2021 8:05
745,Rozalie,Powlett,rpowlettko@engadget.com,7415583876,7/6/2021 10:34
746,Worth,Suttie,wsuttiekp@mapquest.com,8717888743,2/11/2022 23:56
747,Lorrie,Williment,lwillimentkq@opensource.org,9560040448,2/14/2021 14:43
748,Kakalina,Sisselot,ksisselotkr@quantcast.com,1520483546,8/6/2021 17:53
749,Jamey,Dowle,jdowleks@tripod.com,2245172949,5/30/2022 12:38
750,Edgard,Dishmon,edishmonkt@ca.gov,3642496415,4/5/2022 5:25
751,Gregg,Mackneis,gmackneisku@lycos.com,3874839168,6/12/2022 20:28
752,Brier,Doody,bdoodykv@creativecommons.org,3897212323,1/21/2021 16:17
753,Pace,Chatenet,pchatenetkw@soundcloud.com,8848574351,10/19/2021 19:24
754,Leeland,Mersey,lmerseykx@delicious.com,8646431827,6/1/2021 15:05
755,Valentine,Frank,vfrankky@sphinn.com,3250795674,4/29/2021 5:22
756,Fawne,Fairbank,ffairbankkz@foxnews.com,794978495,2/22/2022 22:59
757,Ring,Capper,rcapperl0@phoca.cz,6683518114,3/13/2021 10:23
758,Evey,Madill,emadilll1@over-blog.com,5900556867,8/2/2021 6:32
759,Rosetta,Dalinder,rdalinderl2@gnu.org,459221841,5/1/2022 19:48
760,Broddy,Felgat,bfelgatl3@europa.eu,6105334664,2/14/2022 11:21
761,Nikolia,Maylam,nmaylaml4@friendfeed.com,903093855,5/20/2022 5:17
762,Juliette,Keston,jkestonl5@domainmarket.com,2080711709,5/20/2021 22:17
763,Bryana,Milvarnie,bmilvarniel6@nymag.com,2183787333,5/11/2022 2:07
764,June,Hollyland,jhollylandl7@archive.org,3641917697,1/26/2022 23:35
765,Humbert,Sellen,hsellenl8@japanpost.jp,1397818263,12/7/2021 18:29
766,Gerri,Le-Good,glegoodl9@typepad.com,5654339451,3/23/2022 15:56
767,Paolina,Beeble,pbeeblela@webs.com,6597695305,1/26/2021 19:18
768,Berne,Andric,bandriclb@printfriendly.com,6741695559,7/11/2021 16:23
769,Margarita,Corteney,mcorteneylc@dagondesign.com,5236506786,7/11/2021 9:52
770,Cammi,Keuntje,ckeuntjeld@adobe.com,3582283453,1/21/2022 21:48
771,Orland,Gibbins,ogibbinsle@engadget.com,9911454290,7/29/2021 6:14
772,Rodney,McMurray,rmcmurraylf@amazon.co.jp,241384893,2/26/2022 0:24
773,Jayme,Gladdifh,jgladdifhlg@mashable.com,4590498774,7/23/2022 0:24
774,Andras,Speek,aspeeklh@alibaba.com,6895029826,12/27/2021 22:04
775,Dorothy,Huske,dhuskeli@oakley.com,2790008655,7/11/2022 17:24
776,Brennan,Wickham,bwickhamlj@amazon.de,6532152412,11/17/2021 22:17
777,Hynda,Krzysztofiak,hkrzysztofiaklk@boston.com,7283625062,8/15/2021 17:08
778,Imelda,Etches,ietchesll@ibm.com,41998170,10/19/2021 2:02
779,Kerrin,Lugsdin,klugsdinlm@csmonitor.com,7487541835,11/1/2021 5:47
780,Nickie,Cornfoot,ncornfootln@pcworld.com,696450720,1/31/2022 8:00
781,Dougy,Nesbitt,dnesbittlo@t-online.de,4211713485,2/26/2021 15:01
782,Nealy,Crecy,ncrecylp@ebay.co.uk,3239436019,6/4/2021 23:39
783,Oswell,Porkiss,oporkisslq@deliciousdays.com,3684835234,4/19/2021 14:49
784,Delmore,Maurice,dmauricelr@last.fm,4083083484,6/11/2021 15:24
785,Monique,Pullen,mpullenls@webmd.com,1940085934,5/4/2021 10:16
786,Dorris,Pottie,dpottielt@narod.ru,4997071900,3/9/2021 2:46
787,Ashely,Schubert,aschubertlu@miitbeian.gov.cn,7857506982,3/20/2021 23:12
788,Mela,Livard,mlivardlv@ted.com,1485232619,7/9/2022 2:10
789,Augustus,Joslin,ajoslinlw@slideshare.net,2584512521,3/9/2022 16:46
790,Gipsy,Presdie,gpresdielx@zdnet.com,5459821290,5/15/2022 6:14
791,Baird,Sothern,bsothernly@e-recht24.de,1749767422,5/8/2022 10:34
792,Carina,Greenley,cgreenleylz@sakura.ne.jp,1725294605,5/5/2021 12:16
793,Tabb,Girardin,tgirardinm0@naver.com,8703272257,2/6/2021 10:25
794,Thalia,Nyssens,tnyssensm1@reverbnation.com,5090549761,11/30/2021 10:28
795,Pearl,Seadon,pseadonm2@nifty.com,4158488699,1/27/2022 17:23
796,Corine,Sutehall,csutehallm3@unc.edu,7981160456,1/31/2022 20:20
797,Britni,Clemont,bclemontm4@hostgator.com,2556258055,3/22/2021 23:46
798,Valencia,Revance,vrevancem5@scribd.com,4047228273,2/2/2021 17:27
799,Romola,Di Biasi,rdibiasim6@netvibes.com,2042123714,5/12/2022 15:10
800,Adrien,MacWilliam,amacwilliamm7@paypal.com,9085194245,11/7/2021 5:54
801,Ogden,Blakeborough,oblakeboroughm8@icq.com,7226929708,9/20/2021 3:46
802,Tracie,Perell,tperellm9@washingtonpost.com,1666705446,7/3/2021 22:55
803,Gaynor,Kardos,gkardosma@de.vu,6034407052,2/24/2021 21:40
804,Ollie,Payle,opaylemb@tmall.com,1628253878,11/26/2021 13:10
805,Gabie,Calderbank,gcalderbankmc@illinois.edu,9430072935,3/28/2022 14:15
806,Hollis,Bennedsen,hbennedsenmd@ihg.com,2705263756,4/4/2021 3:39
807,Jaquenette,Cudby,jcudbyme@sphinn.com,2222649471,6/15/2022 14:32
808,Liza,Kleyn,lkleynmf@github.io,6832661355,3/29/2021 6:49
809,Sue,Please,spleasemg@bravesites.com,1354573587,8/9/2021 12:36
810,Sharron,Ofield,sofieldmh@loc.gov,1900143453,11/25/2021 7:32
811,Ashli,Shoebotham,ashoebothammi@ibm.com,6653985687,7/7/2021 14:09
812,Alfonso,Desvignes,adesvignesmj@pagesperso-orange.fr,4596739730,2/9/2022 17:49
813,Cristine,Ramel,cramelmk@pen.io,298285363,11/8/2021 5:53
814,Jobi,Hargess,jhargessml@uol.com.br,8559056920,2/10/2022 14:41
815,Bridgette,Speake,bspeakemm@gmpg.org,9771928139,3/25/2021 10:32
816,Rodie,Hemeret,rhemeretmn@ucla.edu,8028679978,3/17/2022 13:48
817,Ileane,Luffman,iluffmanmo@shop-pro.jp,5608823931,9/11/2021 21:35
818,Kania,Dalgliesh,kdalglieshmp@wisc.edu,2978664231,9/4/2021 11:16
819,Galina,Jeandot,gjeandotmq@reddit.com,5814090502,6/3/2021 6:06
820,Benedicto,Dignon,bdignonmr@wisc.edu,639042791,11/4/2021 19:54
821,Catriona,Bayford,cbayfordms@g.co,5544030359,2/10/2022 10:17
822,Flori,Berendsen,fberendsenmt@senate.gov,2433889898,1/21/2022 0:48
823,Woodman,Dowbekin,wdowbekinmu@mail.ru,7640398150,7/2/2021 7:00
824,Ryon,Marjoribanks,rmarjoribanksmv@kickstarter.com,5678478362,5/19/2022 19:09
825,Damiano,Beevor,dbeevormw@state.gov,476219302,12/11/2021 1:35
826,Baxy,Gillbey,bgillbeymx@joomla.org,1244589098,8/12/2021 7:13
827,Tracy,Allingham,tallinghammy@chicagotribune.com,1369109369,8/5/2021 18:50
828,Antonius,Syphus,asyphusmz@aol.com,5219956442,7/9/2022 1:27
829,Teddie,Braga,tbragan0@weibo.com,2701305640,2/9/2021 11:23
830,Madalena,Bockh,mbockhn1@arizona.edu,7658867306,6/8/2022 2:09
831,Reena,Szimon,rszimonn2@uol.com.br,1868928624,7/27/2021 7:33
832,Wernher,Tremblay,wtremblayn3@un.org,8080494398,1/18/2021 4:45
833,Aretha,Peacey,apeaceyn4@arizona.edu,261179675,11/14/2021 22:47
834,Riane,Cocher,rcochern5@t.co,1880500736,2/11/2021 12:57
835,Wendell,Bredbury,wbredburyn6@sogou.com,3506450875,2/4/2022 20:16
836,Farly,Ondricek,fondricekn7@qq.com,9858968876,4/17/2022 12:45
837,Niko,Heck,nheckn8@census.gov,1917702841,1/26/2022 16:46
838,Arlee,Vasyukhnov,avasyukhnovn9@booking.com,8005539274,1/29/2022 23:33
839,Lilllie,Burger,lburgerna@artisteer.com,7626927931,9/28/2021 9:17
840,Alexandr,Paull,apaullnb@ft.com,1684468035,10/31/2021 22:50
841,Briano,Nore,bnorenc@ebay.co.uk,7728364626,12/31/2021 7:15
842,Vincenz,Rouch,vrouchnd@dmoz.org,4706288630,1/1/2021 22:20
843,Adrienne,Stillert,astillertne@printfriendly.com,2630046095,5/28/2021 19:21
844,Ravid,Hardinge,rhardingenf@github.io,197369642,10/31/2021 11:55
845,Erhart,Goundsy,egoundsyng@princeton.edu,5718060215,3/15/2022 11:53
846,Mozelle,Barwack,mbarwacknh@ihg.com,944644406,3/6/2022 18:16
847,Devin,McCluin,dmccluinni@tmall.com,9452335858,7/19/2021 0:46
848,Stanislas,Tailby,stailbynj@dion.ne.jp,4819393197,4/5/2022 18:23
849,Marven,Rapinett,mrapinettnk@ow.ly,4299154207,6/25/2022 4:08
850,Mirabelle,Powlett,mpowlettnl@seesaa.net,9946138514,2/15/2022 23:50
851,Essie,Westby,ewestbynm@merriam-webster.com,3046498144,3/4/2021 10:54
852,Ric,Codrington,rcodringtonnn@surveymonkey.com,7647128302,8/21/2021 4:10
853,Mervin,Geerits,mgeeritsno@hp.com,9952056311,12/28/2021 11:43
854,Donna,Seiler,dseilernp@cloudflare.com,4235866796,1/25/2021 13:18
855,Lauren,Pierce,lpiercenq@guardian.co.uk,8250984722,9/23/2021 12:49
856,Tomaso,Ackwood,tackwoodnr@nasa.gov,19236875,5/13/2022 0:02
857,Sara,Moberley,smoberleyns@nytimes.com,6521945718,5/8/2021 0:13
858,Cathy,Piscot,cpiscotnt@surveymonkey.com,3528085215,7/21/2021 13:28
859,Herby,Styant,hstyantnu@livejournal.com,8028564070,5/29/2021 13:39
860,Giulia,Heartfield,gheartfieldnv@cbslocal.com,2414347449,8/1/2021 13:31
861,Rosamond,Duligall,rduligallnw@unesco.org,3644335311,11/9/2021 20:33
862,Shina,Westfalen,swestfalennx@g.co,2939959633,9/27/2021 0:26
863,Salvador,Insull,sinsullny@jugem.jp,4242421443,8/19/2021 5:04
864,Nada,Quinney,nquinneynz@deliciousdays.com,6846187537,5/9/2022 15:03
865,Even,Jentgens,ejentgenso0@amazon.de,6341341571,3/19/2021 19:56
866,Tonia,Swanne,tswanneo1@google.co.uk,5022101971,5/27/2022 15:45
867,Vernice,Gasparro,vgasparroo2@usda.gov,8105014297,4/8/2021 2:38
868,Grenville,Fellman,gfellmano3@pagesperso-orange.fr,2150946246,3/12/2022 6:28
869,Spence,Gumly,sgumlyo4@unc.edu,3327040354,3/14/2022 0:51
870,June,Widdup,jwiddupo5@samsung.com,9191705649,3/3/2021 7:01
871,Gabriella,Steanson,gsteansono6@army.mil,1980014043,2/10/2021 4:24
872,Mead,Drinkall,mdrinkallo7@slideshare.net,4144829413,3/13/2022 12:28
873,Zacharia,Camerello,zcamerelloo8@cam.ac.uk,7139919798,2/16/2022 9:31
874,Karee,Chamberlen,kchamberleno9@tinyurl.com,987156934,4/7/2022 17:11
875,Tine,Lasty,tlastyoa@purevolume.com,8229990514,9/1/2021 2:08
876,Cassey,Wileman,cwilemanob@smugmug.com,2324515806,4/22/2021 2:50
877,Ernesto,Bushen,ebushenoc@harvard.edu,5509812206,10/9/2021 1:57
878,Kirbie,Lipsett,klipsettod@dedecms.com,5369238030,11/23/2021 2:13
879,Birch,Sayton,bsaytonoe@tiny.cc,1251144675,2/8/2021 22:51
880,Afton,Oris,aorisof@tumblr.com,4255504164,10/8/2021 12:37
881,Selby,Cleary,sclearyog@youtube.com,9082221020,4/11/2022 3:33
882,Sarine,Leathart,sleathartoh@sohu.com,1630894494,4/16/2021 10:01
883,Patrica,Kinsey,pkinseyoi@house.gov,4477969538,12/30/2021 10:27
884,Marthe,Marrett,mmarrettoj@cam.ac.uk,922887403,1/6/2022 10:33
885,Damiano,Instrell,dinstrellok@fotki.com,2908249510,6/17/2021 13:17
886,Janis,Kentwell,jkentwellol@hibu.com,4545500226,2/11/2022 8:13
887,Selestina,Gammon,sgammonom@paypal.com,5722803014,5/15/2021 21:26
888,Sarge,Jennens,sjennenson@google.fr,3886938069,2/13/2022 22:29
889,Kalinda,Shimoni,kshimonioo@plala.or.jp,1392720672,4/8/2022 13:33
890,Ruby,McRill,rmcrillop@chronoengine.com,8170626005,3/30/2021 16:19
891,Clotilda,Stiegar,cstiegaroq@liveinternet.ru,9232573733,7/4/2021 12:55
892,Trudi,Glasner,tglasneror@topsy.com,7282582378,2/28/2021 2:12
893,Oren,Wakerley,owakerleyos@blogtalkradio.com,5696233767,6/6/2021 9:02
894,Lamont,Rohan,lrohanot@unblog.fr,1988586577,3/22/2022 10:31
895,Stanley,Johnes,sjohnesou@cyberchimps.com,2370576413,11/7/2021 4:52
896,Ange,Damper,adamperov@smugmug.com,2144899274,11/1/2021 18:14
897,Lilas,Fairholm,lfairholmow@plala.or.jp,6689024776,2/18/2021 4:31
898,Walden,Pady,wpadyox@paginegialle.it,3826919769,2/12/2022 9:06
899,Christie,Fallawe,cfallaweoy@about.com,9772649144,9/13/2021 4:00
900,Bradford,Trenear,btrenearoz@topsy.com,5461461913,3/29/2021 12:40
901,Hal,Inglese,hinglesep0@unesco.org,4003130634,1/19/2022 13:22
902,Tera,Ancketill,tancketillp1@indiegogo.com,9242162302,4/3/2021 3:21
903,Armando,Guinnane,aguinnanep2@liveinternet.ru,2810429855,6/5/2022 0:37
904,Pru,Salzburg,psalzburgp3@google.com.br,6180417911,1/18/2022 8:52
905,Hetti,Fozard,hfozardp4@squidoo.com,219525838,6/7/2022 10:46
906,Griffie,Hartill,ghartillp5@soundcloud.com,2253338737,4/30/2022 2:46
907,Euphemia,Rickerd,erickerdp6@loc.gov,4596778981,1/7/2021 3:35
908,Lodovico,Angelini,langelinip7@infoseek.co.jp,4218012164,11/9/2021 8:54
909,Corby,Addison,caddisonp8@macromedia.com,2928937005,8/4/2021 1:35
910,Zacharia,Berrey,zberreyp9@flickr.com,810292742,2/11/2022 17:11
911,Gard,Moughtin,gmoughtinpa@edublogs.org,3102719244,3/28/2021 10:23
912,Katrina,Lowater,klowaterpb@cloudflare.com,6655305411,11/17/2021 11:36
913,Frederica,Mugridge,fmugridgepc@xinhuanet.com,4455275878,7/7/2022 12:02
914,Julio,Ghiroldi,jghiroldipd@wikispaces.com,8455437944,2/10/2022 9:49
915,Gerome,Readshall,greadshallpe@unblog.fr,5830061929,6/5/2022 8:14
916,Bobbie,Andress,bandresspf@mit.edu,5627767332,10/23/2021 23:14
917,Kip,Meller,kmellerpg@cbslocal.com,7675143973,12/26/2021 3:50
918,Jack,Salery,jsaleryph@cornell.edu,7360016908,5/8/2022 12:40
919,Nikos,Hourihan,nhourihanpi@moonfruit.com,1571136215,1/24/2022 0:07
920,Melva,Varian,mvarianpj@answers.com,7952008005,2/28/2022 12:58
921,Annice,Marston,amarstonpk@webeden.co.uk,1548979856,10/29/2021 1:25
922,Tawnya,Copelli,tcopellipl@ftc.gov,1271804603,10/1/2021 8:16
923,Hewitt,Antrim,hantrimpm@gnu.org,9925124948,10/29/2021 21:56
924,Merle,Stoneman,mstonemanpn@army.mil,8264365892,1/16/2021 2:12
925,Corbie,Leakner,cleaknerpo@furl.net,1422695492,3/11/2021 4:30
926,Isacco,Tayler,itaylerpp@cbc.ca,8109254543,1/23/2022 5:51
927,Wally,Doveston,wdovestonpq@taobao.com,9455949431,4/7/2022 19:36
928,Gusti,Orpin,gorpinpr@google.com.au,1925820009,3/5/2022 15:49
929,Steffane,Pavlovic,spavlovicps@dedecms.com,1021560359,8/6/2021 20:35
930,Jillian,Axworthy,jaxworthypt@ning.com,90971132,3/7/2022 12:31
931,Gallagher,Ends,gendspu@squidoo.com,2623263310,3/5/2021 18:34
932,Isadora,Bettaney,ibettaneypv@livejournal.com,4404732678,12/22/2021 11:31
933,Don,Emlyn,demlynpw@bandcamp.com,2051831416,6/25/2022 22:28
934,Odelinda,Valiant,ovaliantpx@disqus.com,1285561627,7/16/2022 1:05
935,Cecelia,Putten,cputtenpy@mediafire.com,7264588203,7/27/2021 6:29
936,Doreen,Lush,dlushpz@usgs.gov,4703070650,6/20/2021 7:33
937,Reidar,Cantu,rcantuq0@shinystat.com,1066408564,6/26/2022 7:42
938,Brok,Butterly,bbutterlyq1@chronoengine.com,1789211891,9/24/2021 16:21
939,Coleen,Edlestone,cedlestoneq2@blinklist.com,914614770,8/27/2021 15:00
940,Huntlee,Guntrip,hguntripq3@vk.com,1687533210,5/31/2021 22:42
941,Annabal,Nyland,anylandq4@youku.com,1763685845,12/14/2021 19:21
942,Nerita,Davidwitz,ndavidwitzq5@prlog.org,8312415599,5/22/2021 3:10
943,Trescha,Whatsize,twhatsizeq6@pinterest.com,4360437471,11/24/2021 4:51
944,Reiko,Caslin,rcaslinq7@theatlantic.com,799504521,2/9/2022 7:41
945,Willem,Edes,wedesq8@wordpress.org,9565851479,6/2/2022 5:08
946,Flem,Lilion,flilionq9@columbia.edu,8718690270,12/17/2021 10:35
947,Ladonna,Botham,lbothamqa@theguardian.com,1793333769,3/1/2021 3:39
948,Jordan,Briance,jbrianceqb@icq.com,2051419086,5/19/2021 5:12
949,Care,Pamment,cpammentqc@oaic.gov.au,7015941430,5/17/2021 21:57
950,Leland,Bidmead,lbidmeadqd@icq.com,1956109641,7/13/2022 16:37
951,Bailie,Josipovitz,bjosipovitzqe@google.com,1214071325,2/1/2022 23:40
952,Meta,Giacobo,mgiacoboqf@mtv.com,5728931677,3/8/2021 16:10
953,Waldon,Lowrance,wlowranceqg@theguardian.com,9065940359,11/27/2021 2:31
954,Nancee,Tellenbrook,ntellenbrookqh@uiuc.edu,2772048705,4/27/2021 15:10
955,Myrvyn,Castillon,mcastillonqi@wufoo.com,8177988409,11/4/2021 14:39
956,Leslie,Berzons,lberzonsqj@google.it,2606437349,10/21/2021 20:38
957,Lynett,Jelliman,ljellimanqk@google.ru,2732144703,9/16/2021 7:23
958,Samuele,Turl,sturlql@dropbox.com,9971126346,4/7/2022 18:58
959,Jean,Craney,jcraneyqm@tiny.cc,642592888,1/26/2022 12:58
960,Armin,Lorimer,alorimerqn@vinaora.com,4275529898,5/14/2021 14:00
961,Maxine,Pellett,mpellettqo@plala.or.jp,5220433938,2/23/2021 8:07
962,Gerrard,Doppler,gdopplerqp@canalblog.com,7617776217,5/3/2022 17:48
963,Theressa,Lambdean,tlambdeanqq@nasa.gov,7248515647,5/25/2022 20:25
964,Tawsha,O'Doireidh,todoireidhqr@webmd.com,2960267443,3/21/2021 0:00
965,Carey,Dunn,cdunnqs@yandex.ru,7532617998,7/3/2021 13:55
966,Remus,Blight,rblightqt@ameblo.jp,3211347356,5/25/2021 16:32
967,Kristofor,Hewlings,khewlingsqu@oakley.com,526360437,5/18/2022 0:50
968,Prudy,Timberlake,ptimberlakeqv@ft.com,8705353785,6/16/2021 0:48
969,Julissa,Breche,jbrecheqw@cisco.com,726528609,4/18/2022 19:57
970,Filip,Brodley,fbrodleyqx@mayoclinic.com,5686557411,6/3/2021 3:11
971,Boycey,Faudrie,bfaudrieqy@epa.gov,5705218419,7/11/2022 7:39
972,Goldie,Bradfield,gbradfieldqz@samsung.com,636410250,2/11/2021 10:45
973,Iggy,Debill,idebillr0@mapy.cz,670462829,11/1/2021 17:49
974,Giselbert,Poleye,gpoleyer1@army.mil,7588754265,8/19/2021 5:36
975,Nollie,Vobes,nvobesr2@friendfeed.com,4241679781,3/13/2022 19:54
976,Betti,Shillum,bshillumr3@google.it,9096658922,10/26/2021 23:13
977,Pepita,Vertey,pverteyr4@spiegel.de,8956301972,12/12/2021 9:30
978,Carmelina,Ferretti,cferrettir5@gravatar.com,7652578442,6/4/2022 8:34
979,Dietrich,Sainsberry,dsainsberryr6@istockphoto.com,1730247342,11/4/2021 23:28
980,Coreen,Bachnic,cbachnicr7@cnet.com,5269341433,6/14/2022 23:07
981,Sidnee,Christofor,schristoforr8@biglobe.ne.jp,2679896297,2/6/2021 7:55
982,Davida,Locard,dlocardr9@whitehouse.gov,6664491648,3/7/2021 13:32
983,Druci,Sides,dsidesra@360.cn,6666597656,5/20/2022 5:47
984,Ximenes,Havock,xhavockrb@smh.com.au,7333726320,4/3/2022 6:29
985,Gregg,Blanche,gblancherc@quantcast.com,4770305257,4/25/2022 17:45
986,Carolan,Matzeitis,cmatzeitisrd@dmoz.org,7307893983,6/22/2021 1:27
987,Allegra,Hold,aholdre@cargocollective.com,4765424944,12/8/2021 1:13
988,Weylin,Peinke,wpeinkerf@un.org,9382262954,6/11/2021 4:41
989,Delmore,Ferrillo,dferrillorg@slideshare.net,893934208,12/5/2021 20:15
990,Emelina,Gyenes,egyenesrh@people.com.cn,3548107796,11/9/2021 0:04
991,Filia,Konke,fkonkeri@adobe.com,5692089408,12/18/2021 20:21
992,Ichabod,Matteau,imatteaurj@businessweek.com,709614837,4/21/2021 6:13
993,Steffane,Stoke,sstokerk@ocn.ne.jp,9716951876,1/22/2021 23:50
994,Ninetta,Bandt,nbandtrl@ucsd.edu,7935300216,1/12/2021 2:00
995,Arlene,Wardley,awardleyrm@forbes.com,6834662170,4/9/2021 7:58
996,Alano,Cristofanini,acristofaninirn@last.fm,6675781618,4/1/2022 1:58
997,Shermy,Wallsworth,swallsworthro@paginegialle.it,1222846888,5/30/2021 1:19
998,Mirabella,Bengtsen,mbengtsenrp@mysql.com,892503920,7/21/2022 8:42
999,Yorgos,Asker,yaskerrq@oakley.com,7243928730,3/11/2022 5:04
1000,Hieronymus,Bottomore,hbottomorerr@fc2.com,4863939906,5/20/2022 13:12
